Fgiven;Ffound;u
320;319.99770085295893;0.0076124762858454922
140;139.9981779768685;0.0063106780276915523
-1500;-1499.9924401193775;-0.00024023308657806028
